sim_time,rsu_id,rsu_x,rsu_y,obj_type,obj_id,obj_x,obj_y,distance_m,speed_mps
3.2,RSU_A2,600.0,10.0,vehicle,veh_5,598.4,12.099999999999998,2.6400757564888293,10.0
3.4,RSU_A2,600.0,10.0,vehicle,veh_5,598.4,14.083893092550337,4.386135291048422,9.919465462751687
3.6,RSU_A2,600.0,10.0,vehicle,veh_5,598.4,16.063665956649928,6.271207605703654,9.89886432049796
3.8,RSU_A2,600.0,10.0,vehicle,veh_5,598.4,18.0634845619332,8.220692384497497,9.999093026416377
4.0,RSU_A2,600.0,10.0,vehicle,veh_5,598.4,20.059727865826336,10.186173213453763,9.98121651946567
4.2,RSU_A2,600.0,10.0,vehicle,veh_5,598.4,22.053996206600218,12.159721400950456,9.971341703869403
4.4,RSU_A2,600.0,10.0,vehicle,veh_5,598.4,24.05064196570776,14.14144757966836,9.983228795537725
4.6,RSU_A2,600.0,10.0,vehicle,veh_5,598.4,26.040338855769484,16.11994015522106,9.948484450308605
4.8,RSU_A2,600.0,10.0,vehicle,veh_5,598.4,28.028564332736654,18.099423523958553,9.941127384835854
5.0,RSU_A2,600.0,10.0,vehicle,veh_5,598.4,30.01813304642215,20.081973276156372,9.947843568427489
5.2,RSU_A2,600.0,10.0,vehicle,veh_5,598.4,32.00435941215232,22.06245301726842,9.931131828650832
5.4,RSU_A2,600.0,10.0,vehicle,veh_5,598.4,33.99275265708007,24.04604291902979,9.941966224638746
5.6,RSU_A2,600.0,10.0,vehicle,veh_5,598.4,35.977644968885926,26.0268714625766,9.924461559029297
5.8,RSU_A2,600.0,10.0,vehicle,veh_5,598.4,37.97259583455138,28.0183175391236,9.974754328327254
6.0,RSU_A2,600.0,10.0,vehicle,veh_5,598.4,39.96104298605211,30.00373471439951,9.942235757503658
6.2,RSU_A2,600.0,10.0,vehicle,veh_5,598.4,41.95525197514519,31.99528291475199,9.971044945465401
6.4,RSU_A2,600.0,10.0,vehicle,veh_5,598.4,43.95163013656251,33.989309921355265,9.981890807086602
6.6,RSU_A2,600.0,10.0,vehicle,veh_5,598.4,45.93710769706033,35.97270784400464,9.927387802489102
6.8,RSU_A2,600.0,10.0,vehicle,veh_5,598.4,47.93302335252612,37.9667520425871,9.979578277328983
7.0,RSU_A2,600.0,10.0,vehicle,veh_5,598.4,49.920914703167966,39.95296523085129,9.939456753209233
7.2,RSU_A2,600.0,10.0,vehicle,veh_5,598.4,51.908174553278826,41.93870639860136,9.936299250554294
7.4,RSU_A2,600.0,10.0,vehicle,veh_5,598.4,53.89433212957902,43.9234833898883,9.930787881501018
7.4,RSU_A4,1200.0,10.0,vehicle,veh_12,1198.4,4.6,5.632051136131464,8.568999999999999
7.6,RSU_A2,600.0,10.0,vehicle,veh_5,598.4,55.885817053114984,45.91370390887603,9.95742461767979
7.6,RSU_A4,1200.0,10.0,vehicle,veh_12,1198.4,6.310082176656647,4.021876868208008,8.550410883283242
7.8,RSU_A2,600.0,10.0,vehicle,veh_5,598.4,57.86295745404064,47.889693006400705,9.885702004628255
7.8,RSU_A4,1200.0,10.0,vehicle,veh_12,1198.4,7.994060849917493,2.5658900743861652,8.419893366304226
8.0,RSU_A2,600.0,10.0,vehicle,veh_5,598.4,59.849262055169774,49.874932856546174,9.931523005645722
8.0,RSU_A4,1200.0,10.0,vehicle,veh_12,1198.4,9.692707840560562,1.6292416859547456,8.493234953215344
8.2,RSU_A2,600.0,10.0,vehicle,veh_5,598.4,61.84567589529788,51.8703586746831,9.982069200640545
8.2,RSU_A4,1200.0,10.0,vehicle,veh_12,1198.4,11.388732042807899,2.118626131888566,8.480121011236681
8.4,RSU_A2,600.0,10.0,vehicle,veh_5,598.4,63.83008617579376,53.85385945030664,9.92205140247941
8.4,RSU_A4,1200.0,10.0,vehicle,veh_12,1198.4,13.087048237057402,3.477048578596354,8.491580971247515
8.6,RSU_A2,600.0,10.0,vehicle,veh_5,598.4,65.80783150989747,55.83076264781903,9.888726670518517
8.6,RSU_A4,1200.0,10.0,vehicle,veh_12,1198.4,14.775874497591706,5.036762572997316,8.444131302671506
8.8,RSU_A2,600.0,10.0,vehicle,veh_5,598.4,67.80205027513391,57.82419057807129,9.971093826182187
8.8,RSU_A4,1200.0,10.0,vehicle,veh_12,1198.4,16.48018378441818,6.6747870287999485,8.52154643413238
9.0,RSU_A2,600.0,10.0,vehicle,veh_5,598.4,69.79583486702292,59.817237210057385,9.968922959445045
9.0,RSU_A4,1200.0,10.0,vehicle,veh_12,1198.4,18.16101592623964,8.316380279204212,8.404160709107293
9.2,RSU_A2,600.0,10.0,vehicle,veh_5,598.4,71.77630658210067,61.79702302640229,9.902358575388789
9.2,RSU_A4,1200.0,10.0,vehicle,veh_12,1198.4,19.865488528640753,9.994391622742327,8.522363012005574
9.2,RSU_A4,1200.0,10.0,vehicle,veh_15,1198.4,4.6,5.632051136131464,8.454501305856937
9.4,RSU_A2,600.0,10.0,vehicle,veh_5,598.4,73.77210312307811,63.79217143772823,9.978982704887166
9.4,RSU_A4,1200.0,10.0,vehicle,veh_12,1198.4,21.551431012068875,11.661713357246708,8.429712417140601
9.4,RSU_A4,1200.0,10.0,vehicle,veh_15,1198.4,6.28820881582726,4.041954204948663,8.441044079136297
9.6,RSU_A2,600.0,10.0,vehicle,veh_5,598.4,75.75877191705628,65.77823412071375,9.933343969890847
9.6,RSU_A4,1200.0,10.0,vehicle,veh_12,1198.4,23.251090763697587,13.347337053800327,8.498298758143559
9.6,RSU_A4,1200.0,10.0,vehicle,veh_15,1198.4,7.963425801567882,2.589910126957909,8.376084928703118
9.8,RSU_A2,600.0,10.0,vehicle,veh_5,598.4,77.73558072168937,67.75447509725463,9.88404402316548
9.8,RSU_A4,1200.0,10.0,vehicle,veh_12,1198.4,24.938015373914876,15.023458433773394,8.43462305108644
9.8,RSU_A4,1200.0,10.0,vehicle,veh_15,1198.4,9.641257866329264,1.6397243422204664,8.389160323806902
10.0,RSU_A2,600.0,10.0,vehicle,veh_5,598.4,79.7285219052471,69.74687639665683,9.96470591778867
10.0,RSU_A4,1200.0,10.0,vehicle,veh_12,1198.4,26.632120981693827,16.708903265914845,8.470528038894757
10.0,RSU_A4,1200.0,10.0,vehicle,veh_15,1198.4,11.295514707029312,2.05872736323413,8.271284203500244
10.2,RSU_A2,600.0,10.0,vehicle,veh_5,598.4,81.72356340215727,71.74140747924642,9.975207484550774
10.2,RSU_A4,1200.0,10.0,vehicle,veh_12,1198.4,28.316076077381894,18.385827228396362,8.419775478440336
10.2,RSU_A4,1200.0,10.0,vehicle,veh_15,1198.4,12.958367095159613,3.363322147776337,8.314261940651503
10.2,RSU_A4,1200.0,10.0,vehicle,veh_16,1198.4,4.6,5.632051136131464,6.2181493802845065
10.4,RSU_A2,600.0,10.0,vehicle,veh_5,598.4,83.71878086871466,73.73614210663297,9.976087332786992
10.4,RSU_A4,1200.0,10.0,vehicle,veh_12,1198.4,30.00264673111029,20.066536229494037,8.432853268641978
10.4,RSU_A4,1200.0,10.0,vehicle,veh_15,1198.4,14.638206697114123,4.906420422788289,8.399198009772554
10.4,RSU_A4,1200.0,10.0,vehicle,veh_16,1198.4,5.832176466277084,4.4643871929139705,6.160882331385422
10.6,RSU_A2,600.0,10.0,vehicle,veh_5,598.4,85.69785804209297,75.7147654831002,9.895385866891592
10.6,RSU_A4,1200.0,10.0,vehicle,veh_12,1198.4,31.7085807741696,21.767463775751317,8.529670215296559
10.6,RSU_A4,1200.0,10.0,vehicle,veh_15,1198.4,16.29223342250066,6.492472675586251,8.270133626932687
10.6,RSU_A4,1200.0,10.0,vehicle,veh_16,1198.4,7.104632994882668,3.308043242510868,6.362282643027921
10.8,RSU_A2,600.0,10.0,vehicle,veh_5,598.4,87.6816804971434,77.69815625135689,9.919112275252118
10.8,RSU_A4,1200.0,10.0,vehicle,veh_12,1198.4,33.41432312881984,23.468926851920333,8.528711773251182
10.8,RSU_A4,1200.0,10.0,vehicle,veh_15,1198.4,17.956207239168315,8.115493431245817,8.319869083338265
10.8,RSU_A4,1200.0,10.0,vehicle,veh_16,1198.4,8.393756452865585,2.2671608528533342,6.445617289914584
11.0,RSU_A2,600.0,10.0,vehicle,veh_5,598.4,89.6640357747264,79.68010163093976,9.911776387915015
11.0,RSU_A4,1200.0,10.0,vehicle,veh_12,1198.4,35.128100871111826,25.178988331320436,8.568888711459934
11.0,RSU_A4,1200.0,10.0,vehicle,veh_15,1198.4,19.654624516997625,9.786305460397777,8.49208638914655
11.0,RSU_A4,1200.0,10.0,vehicle,veh_16,1198.4,9.702945230708814,1.6273418620432367,6.545943889216143
11.2,RSU_A2,600.0,10.0,vehicle,veh_5,598.4,91.64774362119286,81.66341921835038,9.91853923233226
11.2,RSU_A4,1200.0,10.0,vehicle,veh_12,1198.4,36.82662705651094,26.874298488130332,8.492630926995536
11.2,RSU_A4,1200.0,10.0,vehicle,veh_15,1198.4,21.360277638313757,11.472397657838195,8.528265606580659
11.2,RSU_A4,1200.0,10.0,vehicle,veh_16,1198.4,11.043236418982131,1.9100634088664097,6.701455941366586
11.4,RSU_A2,600.0,10.0,vehicle,veh_5,598.4,93.64626527800782,83.66156641468564,9.992608284074812
11.4,RSU_A4,1200.0,10.0,vehicle,veh_12,1198.4,38.512309238871566,28.557166843597084,8.428410911803132
11.4,RSU_A4,1200.0,10.0,vehicle,veh_15,1198.4,23.031717336272784,13.129571841172595,8.357198489795138
11.4,RSU_A4,1200.0,10.0,vehicle,veh_16,1198.4,12.436145290159452,2.914584683066489,6.964544355886611
11.6,RSU_A2,600.0,10.0,vehicle,veh_5,598.4,95.62918667630477,85.64413354600215,9.914606991484762
11.6,RSU_A4,1200.0,10.0,vehicle,veh_12,1198.4,40.216737459874906,30.259068437726352,8.522141105016692
11.6,RSU_A4,1200.0,10.0,vehicle,veh_15,1198.4,24.700006973777167,14.786825387117313,8.341448187521914
11.6,RSU_A4,1200.0,10.0,vehicle,veh_16,1198.4,13.799928040215352,4.12303930502907,6.818913750279492
11.8,RSU_A2,600.0,10.0,vehicle,veh_5,598.4,97.61585294809564,87.63046095863196,9.93333135895431
11.8,RSU_A4,1200.0,10.0,vehicle,veh_12,1198.4,41.89461681151987,31.934723758844157,8.389396758224814
11.8,RSU_A4,1200.0,10.0,vehicle,veh_15,1198.4,26.3986851890989,16.476555341793116,8.493391076608656
11.8,RSU_A4,1200.0,10.0,vehicle,veh_16,1198.4,15.188030947371224,5.429149575290892,6.940514535779352
12.0,RSU_A2,600.0,10.0,vehicle,veh_5,598.4,99.60649776536225,89.62078130530814,9.953224086333066
12.0,RSU_A4,1200.0,10.0,vehicle,veh_12,1198.4,43.58841697156579,33.626503753078,8.469000800229608
12.0,RSU_A4,1200.0,10.0,vehicle,veh_15,1198.4,28.0785102380721,18.149174428278478,8.399125244866019
12.0,RSU_A4,1200.0,10.0,vehicle,veh_16,1198.4,16.602979785940676,6.794066680092334,7.074744192847269
12.2,RSU_A2,600.0,10.0,vehicle,veh_5,598.4,101.59735230101457,91.61132543826761,9.954272678261622
12.2,RSU_A4,1200.0,10.0,vehicle,veh_12,1198.4,45.2993195757026,35.335562292223116,8.554513020684011
12.2,RSU_A4,1200.0,10.0,vehicle,veh_15,1198.4,29.745829063773854,19.810546822735002,8.336594128508757
12.2,RSU_A4,1200.0,10.0,vehicle,veh_16,1198.4,18.038626341023825,8.196310965953025,7.1782327754157444
12.4,RSU_A2,600.0,10.0,vehicle,veh_5,598.4,103.58846357443926,93.60213947460893,9.9555563671235
12.4,RSU_A4,1200.0,10.0,vehicle,veh_12,1198.4,47.002844852465216,37.037420633402796,8.517626383813097
12.4,RSU_A4,1200.0,10.0,vehicle,veh_15,1198.4,31.43989037691861,21.49950928217402,8.470306565723789
12.4,RSU_A4,1200.0,10.0,vehicle,veh_16,1198.4,19.496188441369934,9.630036080618165,7.287810501730551
12.6,RSU_A2,600.0,10.0,vehicle,veh_5,598.4,105.58459237027537,95.59798271193648,9.980643979180604
12.6,RSU_A4,1200.0,10.0,vehicle,veh_12,1198.4,48.71082859184333,38.74388016535095,8.539918696890584
12.6,RSU_A4,1200.0,10.0,vehicle,veh_15,1198.4,33.13376371631777,23.189028088352913,8.469366696995824
12.6,RSU_A4,1200.0,10.0,vehicle,veh_16,1198.4,20.985911664971173,11.10181314518261,7.448616118006186
12.8,RSU_A2,600.0,10.0,vehicle,veh_5,598.4,107.56337198976796,97.5764907855055,9.893898097462952
12.8,RSU_A4,1200.0,10.0,vehicle,veh_12,1198.4,50.41630647185017,40.447964458381804,8.527389400034211
12.8,RSU_A4,1200.0,10.0,vehicle,veh_15,1198.4,34.82592824927204,24.877433819387463,8.460822664771312
12.8,RSU_A4,1200.0,10.0,vehicle,veh_16,1198.4,22.485274122264318,12.587377403894854,7.49681228646572
13.0,RSU_A2,600.0,10.0,vehicle,veh_5,598.4,109.53959244411995,99.55245081835756,9.881102271759882
13.0,RSU_A4,1200.0,10.0,vehicle,veh_12,1198.4,52.120816644464256,42.15119446464806,8.522550863070412
13.0,RSU_A4,1200.0,10.0,vehicle,veh_15,1198.4,36.501478440091994,26.549733699430217,8.377750954099765
13.0,RSU_A4,1200.0,10.0,vehicle,veh_16,1198.4,24.00220581991197,14.093323519424947,7.584658488238242
13.2,RSU_A2,600.0,10.0,vehicle,veh_5,598.4,111.53021262246367,101.54281892464223,9.953100891718641
13.2,RSU_A4,1200.0,10.0,vehicle,veh_12,1198.4,53.80722596532368,43.836435151331926,8.432046604297122
13.2,RSU_A4,1200.0,10.0,vehicle,veh_15,1198.4,38.20211891204096,28.247469110150348,8.503202359744826
13.2,RSU_A4,1200.0,10.0,vehicle,veh_16,1198.4,25.514507510042446,15.596792724120018,7.561508450652388
13.4,RSU_A2,600.0,10.0,vehicle,veh_5,598.4,113.52002699604628,103.53239101490003,9.949071867913007
13.4,RSU_A4,1200.0,10.0,vehicle,veh_12,1198.4,55.502390942574486,45.53051264252232,8.475824886254035
13.4,RSU_A4,1200.0,10.0,vehicle,veh_15,1198.4,39.882023953854656,29.92482841352216,8.39952520906848
13.4,RSU_A4,1200.0,10.0,vehicle,veh_16,1198.4,27.0557925909445,17.13067602009089,7.706425404510274
13.6,RSU_A2,600.0,10.0,vehicle,veh_5,598.4,115.50308182104301,105.51521347055929,9.915274124983698
13.6,RSU_A4,1200.0,10.0,vehicle,veh_12,1198.4,57.19882447118239,47.225936004080275,8.482167643039487
13.6,RSU_A4,1200.0,10.0,vehicle,veh_15,1198.4,41.556548213665884,31.597084282595116,8.372621299056144
13.6,RSU_A4,1200.0,10.0,vehicle,veh_16,1198.4,28.56103536489991,18.62986939881933,7.52621386977707
13.8,RSU_A2,600.0,10.0,vehicle,veh_5,598.4,117.48691047082838,107.4988182379875,9.919143248926849
13.8,RSU_A4,1200.0,10.0,vehicle,veh_12,1198.4,58.904989862153684,48.93115606050356,8.530826954856513
13.8,RSU_A4,1200.0,10.0,vehicle,veh_15,1198.4,43.25532785468004,33.29379567910901,8.49389820507077
13.8,RSU_A4,1200.0,10.0,vehicle,veh_16,1198.4,30.09335838937196,20.156960370148678,7.661615122360251
14.0,RSU_A2,600.0,10.0,vehicle,veh_5,598.4,119.48609143242795,109.49778179100238,9.995904807997867
14.0,RSU_A4,1200.0,10.0,vehicle,veh_12,1198.4,60.60764566380773,50.63293196757933,8.51327900827024
14.0,RSU_A4,1200.0,10.0,vehicle,veh_15,1198.4,44.945558880043365,34.98216810660222,8.451155126816605
14.0,RSU_A4,1200.0,10.0,vehicle,veh_16,1198.4,31.629722809338205,21.688819903554116,7.6818220998312245
14.2,RSU_A2,600.0,10.0,vehicle,veh_5,598.4,121.4693402389213,111.4808226256893,9.916244032466784
14.2,RSU_A4,1200.0,10.0,vehicle,veh_12,1198.4,62.28945643257145,52.313929827664325,8.409053843818604
14.2,RSU_A4,1200.0,10.0,vehicle,veh_15,1198.4,46.64856899904824,36.68347870197154,8.515050595024366
14.2,RSU_A4,1200.0,10.0,vehicle,veh_16,1198.4,33.19125572407658,23.24638341892163,7.807664573691885
14.4,RSU_A2,600.0,10.0,vehicle,veh_5,598.4,123.45676796005104,113.46804922946751,9.937138605648652
14.4,RSU_A4,1200.0,10.0,vehicle,veh_12,1198.4,63.97936438299901,54.0030719421829,8.449539752137847
14.4,RSU_A4,1200.0,10.0,vehicle,veh_15,1198.4,48.339574131934114,38.37294547748545,8.455025664429398
14.4,RSU_A4,1200.0,10.0,vehicle,veh_16,1198.4,34.75248451986577,24.804142595667244,7.8061439789459035
14.6,RSU_A2,600.0,10.0,vehicle,veh_5,598.4,125.43894584118571,115.45003342106146,9.91088940567337
14.6,RSU_A4,1200.0,10.0,vehicle,veh_12,1198.4,65.67458551855682,55.69757151495114,8.476105677789077
14.6,RSU_A4,1200.0,10.0,vehicle,veh_15,1198.4,50.01006266549826,40.042041837262715,8.352442667820698
14.6,RSU_A4,1200.0,10.0,vehicle,veh_16,1198.4,36.31238877166461,26.36099017243513,7.799521258994204
14.8,RSU_A2,600.0,10.0,vehicle,veh_5,598.4,127.43296213220242,117.4438614621611,9.970081455083564
14.8,RSU_A4,1200.0,10.0,vehicle,veh_12,1198.4,67.35603186709842,57.37834427325007,8.407231742708012
14.8,RSU_A4,1200.0,10.0,vehicle,veh_15,1198.4,51.684053330613494,41.71474921498905,8.369953325576246
14.8,RSU_A4,1200.0,10.0,vehicle,veh_16,1198.4,37.85634172984721,27.902253933509147,7.719764790913012
15.0,RSU_A2,600.0,10.0,vehicle,veh_5,598.4,129.41403987407867,119.42475840062667,9.905388709381223
15.0,RSU_A4,1200.0,10.0,vehicle,veh_12,1198.4,69.05997296232412,59.08164187216242,8.519705476128495
15.0,RSU_A4,1200.0,10.0,vehicle,veh_15,1198.4,53.35723226688146,43.386744402458994,8.365894681339782
15.0,RSU_A4,1200.0,10.0,vehicle,veh_16,1198.4,39.425418875182494,29.4688865751651,7.845385726676433
15.2,RSU_A2,600.0,10.0,vehicle,veh_5,598.4,131.40446323954683,121.41500605148639,9.952116827340797
15.2,RSU_A4,1200.0,10.0,vehicle,veh_12,1198.4,70.7523986066075,60.77346408142393,8.462128221416846
15.2,RSU_A4,1200.0,10.0,vehicle,veh_15,1198.4,55.066519643469746,45.09491315852869,8.546436882941403
15.2,RSU_A4,1200.0,10.0,vehicle,veh_16,1198.4,40.98412537781525,31.025409351500503,7.793532513163785
15.4,RSU_A2,600.0,10.0,vehicle,veh_5,598.4,133.40181766693664,123.4121898497222,9.986772136949003
15.4,RSU_A4,1200.0,10.0,vehicle,veh_12,1198.4,72.46315011118166,62.48363883299382,8.553757522870786
15.4,RSU_A4,1200.0,10.0,vehicle,veh_15,1198.4,56.762081683258636,46.78944628173914,8.477810198944447
15.4,RSU_A4,1200.0,10.0,vehicle,veh_16,1198.4,42.56799285094123,32.60727155618757,7.919337365629884
15.6,RSU_A2,600.0,10.0,vehicle,veh_5,598.4,135.38776908750643,125.3979770041839,9.929757102848962
15.6,RSU_A4,1200.0,10.0,vehicle,veh_12,1198.4,74.17455117609464,64.1944936786107,8.557005324564873
15.6,RSU_A4,1200.0,10.0,vehicle,veh_15,1198.4,58.47292830437641,48.49932760772272,8.55423310558892
15.6,RSU_A4,1200.0,10.0,vehicle,veh_16,1198.4,44.1733228444183,34.2107584573748,8.026649967385369
15.8,RSU_A2,600.0,10.0,vehicle,veh_5,598.4,137.38310677843353,127.39315481031859,9.976688454635442
15.8,RSU_A4,1200.0,10.0,vehicle,veh_12,1198.4,75.85465010748283,65.8740839843636,8.400494656940921
15.8,RSU_A4,1200.0,10.0,vehicle,veh_15,1198.4,60.19155610250811,50.217051924532754,8.593138990658495
15.8,RSU_A4,1200.0,10.0,vehicle,veh_16,1198.4,45.80918379383987,35.844910991394634,8.17930474710786
16.0,RSU_A2,600.0,10.0,vehicle,veh_5,598.4,139.36194698002,129.37184131974587,9.894201007932425
16.0,RSU_A4,1200.0,10.0,vehicle,veh_12,1198.4,77.54392436009702,67.56287233357169,8.446371263070962
16.0,RSU_A4,1200.0,10.0,vehicle,veh_15,1198.4,61.85024665900306,51.87492726355824,8.293452782474755
16.0,RSU_A4,1200.0,10.0,vehicle,veh_16,1198.4,47.460111082026145,37.494265191862844,8.254636440931353
16.2,RSU_A2,600.0,10.0,vehicle,veh_5,598.4,141.3517917966414,131.36153625848107,9.949224083106964
16.2,RSU_A4,1200.0,10.0,vehicle,veh_12,1198.4,79.24251318706276,69.26099647319954,8.492944134828633
16.2,RSU_A4,1200.0,10.0,vehicle,veh_15,1198.4,63.53284567586053,53.55675089244585,8.412995084287292
16.2,RSU_A4,1200.0,10.0,vehicle,veh_16,1198.4,49.05728625391947,39.09004489023525,7.985875859466617
16.4,RSU_A2,600.0,10.0,vehicle,veh_5,598.4,143.34165370630473,133.3512527617648,9.949309548316524
16.4,RSU_A4,1200.0,10.0,vehicle,veh_12,1198.4,80.93387326513326,70.95191594589949,8.456800390352495
16.4,RSU_A4,1200.0,10.0,vehicle,veh_15,1198.4,65.2259177003555,55.24909036216287,8.465360122474896
16.4,RSU_A4,1200.0,10.0,vehicle,veh_16,1198.4,50.676524511919276,40.70798013128101,8.096191289999018
16.6,RSU_A2,600.0,10.0,vehicle,veh_5,598.4,145.33089680145866,135.34035476932613,9.946215475769714
16.6,RSU_A4,1200.0,10.0,vehicle,veh_12,1198.4,82.61394536505195,72.63157069400846,8.400360499593429
16.6,RSU_A4,1200.0,10.0,vehicle,veh_15,1198.4,66.91175047801767,56.93423699736516,8.429163888310823
16.6,RSU_A4,1200.0,10.0,vehicle,veh_16,1198.4,52.31524056074135,42.345478905231545,8.193580244110391
16.8,RSU_A2,600.0,10.0,vehicle,veh_5,598.4,147.31027456409484,137.31959620122362,9.89688881318085
16.8,RSU_A4,1200.0,10.0,vehicle,veh_12,1198.4,84.31579437778092,74.33301617720495,8.509245063644833
16.8,RSU_A4,1200.0,10.0,vehicle,veh_15,1198.4,68.57852633235379,58.600373269035295,8.333879271680603
16.8,RSU_A4,1200.0,10.0,vehicle,veh_16,1198.4,53.936297505479274,43.96542094066636,8.10528472368962
17.0,RSU_A2,600.0,10.0,vehicle,veh_5,598.4,149.29779803612456,139.30698667946612,9.937617360148579
17.0,RSU_A4,1200.0,10.0,vehicle,veh_12,1198.4,86.01628230367939,76.03311893689933,8.502439629492349
17.0,RSU_A4,1200.0,10.0,vehicle,veh_15,1198.4,70.2849959966898,60.306224739415626,8.532348321680088
17.0,RSU_A4,1200.0,10.0,vehicle,veh_16,1198.4,55.56306311428036,45.59114739021047,8.133828044005448
17.2,RSU_A2,600.0,10.0,vehicle,veh_5,598.4,151.2864126966633,141.29547201765476,9.943073302693666
17.2,RSU_A4,1200.0,10.0,vehicle,veh_12,1198.4,87.71618396849169,77.73265240955338,8.49950832406152
17.2,RSU_A4,1200.0,10.0,vehicle,veh_15,1198.4,71.97595287959349,61.9966026112205,8.454784414518482
17.2,RSU_A4,1200.0,10.0,vehicle,veh_16,1198.4,57.207216812150904,47.23432352801745,8.220768489352688
17.4,RSU_A2,600.0,10.0,vehicle,veh_5,598.4,153.2804471219443,143.28938037225325,9.970172126404941
17.4,RSU_A4,1200.0,10.0,vehicle,veh_12,1198.4,89.39993162252011,79.41605090698523,8.418738270142114
17.4,RSU_A4,1200.0,10.0,vehicle,veh_15,1198.4,73.65600630383534,63.676111207845636,8.400267121209238
17.4,RSU_A4,1200.0,10.0,vehicle,veh_16,1198.4,58.832076405616284,48.85828165300072,8.124297967326921
17.6,RSU_A2,600.0,10.0,vehicle,veh_29,598.4,8.1,2.483948469674859,9.586
17.6,RSU_A2,600.0,10.0,vehicle,veh_5,598.4,155.2683026488349,145.27711366376155,9.939277634453028
17.6,RSU_A4,1200.0,10.0,vehicle,veh_12,1198.4,91.09614789399991,81.11193009197541,8.481081357399
17.6,RSU_A4,1200.0,10.0,vehicle,veh_15,1198.4,75.34554568380469,65.36513092401945,8.447696899846727
17.6,RSU_A4,1200.0,10.0,vehicle,veh_16,1198.4,60.476730411134064,50.50208226398498,8.223270027588919
17.8,RSU_A2,600.0,10.0,vehicle,veh_29,598.4,10.006031695284694,1.6000113691308822,9.530158476423473
17.8,RSU_A2,600.0,10.0,vehicle,veh_5,598.4,157.26454743961617,147.2732390239142,9.981223953906447
17.8,RSU_A4,1200.0,10.0,vehicle,veh_12,1198.4,92.79306514664034,82.80852393549732,8.48458626320213
17.8,RSU_A4,1200.0,10.0,vehicle,veh_15,1198.4,77.03670756757661,67.05579886557749,8.45580941885961
17.8,RSU_A4,1200.0,10.0,vehicle,veh_16,1198.4,62.11037489809534,52.13493235844892,8.16822243480633
18.0,RSU_A2,600.0,10.0,vehicle,veh_29,598.4,11.913080509779602,2.4939681306902575,9.535244072474539
18.0,RSU_A2,600.0,10.0,vehicle,veh_5,598.4,159.24117461003922,149.24975108516668,9.88313585211523
18.0,RSU_A4,1200.0,10.0,vehicle,veh_12,1198.4,94.50509486597556,84.52024052443018,8.560148596676065
18.0,RSU_A4,1200.0,10.0,vehicle,veh_15,1198.4,78.73021073349751,68.74883175349947,8.46751582960449
18.0,RSU_A4,1200.0,10.0,vehicle,veh_16,1198.4,63.73949167435324,53.76330500832218,8.145583881289587
18.2,RSU_A2,600.0,10.0,vehicle,veh_29,598.4,13.826200721217694,4.147265600253602,9.565601057190449
18.2,RSU_A2,600.0,10.0,vehicle,veh_30,598.4,2.3000000000000003,7.864477096412708,6.642124248860261
18.2,RSU_A4,1200.0,10.0,vehicle,veh_12,1198.4,96.18446395850073,86.19931454376021,8.396845462625846
18.2,RSU_A4,1200.0,10.0,vehicle,veh_15,1198.4,80.41856251401074,70.4367371940214,8.441758902566125
18.2,RSU_A4,1200.0,10.0,vehicle,veh_16,1198.4,65.40115550347957,55.424254899102834,8.308319145631627
18.4,RSU_A2,600.0,10.0,vehicle,veh_29,598.4,15.740418807680907,5.9592288165144955,9.571090432316065
18.4,RSU_A2,600.0,10.0,vehicle,veh_30,598.4,3.5697701527468584,6.626300316806145,6.348850763734287
18.4,RSU_A4,1200.0,10.0,vehicle,veh_12,1198.4,97.88200260290414,87.8965663805865,8.487693222017027
18.4,RSU_A4,1200.0,10.0,vehicle,veh_15,1198.4,82.08366724052492,72.10142219708794,8.325523632570835
18.4,RSU_A4,1200.0,10.0,vehicle,veh_16,1198.4,67.05207984889533,57.07451108055792,8.254621727078783
18.6,RSU_A2,600.0,10.0,vehicle,veh_29,598.4,17.645080251369627,7.810713927028819,9.523307218443602
18.6,RSU_A2,600.0,10.0,vehicle,veh_30,598.4,4.853257673144657,5.389708394620661,6.4174376019889925
18.6,RSU_A4,1200.0,10.0,vehicle,veh_12,1198.4,99.58736409660636,89.60165068668051,8.526807468511164
18.6,RSU_A4,1200.0,10.0,vehicle,veh_15,1198.4,83.78105127104439,73.79839785971292,8.486920152597365
18.6,RSU_A4,1200.0,10.0,vehicle,veh_16,1198.4,68.69748428758325,58.71928696511124,8.227022193439566
18.8,RSU_A2,600.0,10.0,vehicle,veh_29,598.4,19.549444625646622,9.682556101479156,9.52182187138498
18.8,RSU_A2,600.0,10.0,vehicle,veh_30,598.4,6.18077061676002,4.140834829089868,6.637564718076817
18.8,RSU_A4,1200.0,10.0,vehicle,veh_12,1198.4,101.27502108436397,91.28904355918671,8.43828493878804
18.8,RSU_A4,1200.0,10.0,vehicle,veh_15,1198.4,85.49899168084302,75.51594364651747,8.589702048993155
18.8,RSU_A4,1200.0,10.0,vehicle,veh_16,1198.4,70.35699444370684,60.37819787206023,8.297550780617955
19.0,RSU_A2,600.0,10.0,vehicle,veh_29,598.4,21.451055505150556,11.562295281735324,9.508054397519679
19.0,RSU_A2,600.0,10.0,vehicle,veh_30,598.4,7.5280279685265175,2.944596020575184,6.736286758832492
19.0,RSU_A4,1200.0,10.0,vehicle,veh_12,1198.4,102.96185639246053,92.97562446110516,8.434176540482788
19.0,RSU_A4,1200.0,10.0,vehicle,veh_15,1198.4,87.20138369876759,77.21796193246968,8.511960089622853
19.0,RSU_A4,1200.0,10.0,vehicle,veh_16,1198.4,72.02083304739585,62.0414678412185,8.319193018445064
19.2,RSU_A2,600.0,10.0,vehicle,veh_29,598.4,23.361591304188966,13.457047305415044,9.552678995192052
19.2,RSU_A2,600.0,10.0,vehicle,veh_30,598.4,8.938465583789952,1.9201185684218773,7.052188076317169
19.2,RSU_A4,1200.0,10.0,vehicle,veh_12,1198.4,104.66733485994659,94.68085492582573,8.527392337430268
19.2,RSU_A4,1200.0,10.0,vehicle,veh_15,1198.4,88.88931689010525,78.90554048599785,8.439665956688325
19.2,RSU_A4,1200.0,10.0,vehicle,veh_16,1198.4,73.67062268880952,63.69072297894525,8.248948207068317
19.2,RSU_A4,1200.0,10.0,vehicle,veh_32,1198.4,4.6,5.632051136131464,9.313
19.4,RSU_A2,600.0,10.0,vehicle,veh_29,598.4,25.27844749829471,15.361997199522852,9.584280970528722
19.4,RSU_A2,600.0,10.0,vehicle,veh_30,598.4,10.414669615323671,1.6528614248849642,7.3810201576685985
19.4,RSU_A4,1200.0,10.0,vehicle,veh_12,1198.4,106.35729334532101,96.37057632304709,8.449792426872067
19.4,RSU_A4,1200.0,10.0,vehicle,veh_15,1198.4,90.60081731622199,80.61669648430771,8.557502130583718
19.4,RSU_A4,1200.0,10.0,vehicle,veh_16,1198.4,75.32797193360588,65.34756244082864,8.286746223981837
19.4,RSU_A4,1200.0,10.0,vehicle,veh_32,1198.4,6.446915446738154,3.8967178294851736,9.23457723369077
19.6,RSU_A2,600.0,10.0,vehicle,veh_29,598.4,27.19343001450971,17.267716573532336,9.574912581074983
19.6,RSU_A2,600.0,10.0,vehicle,veh_30,598.4,11.947629431924025,2.5205674766006108,7.664799083001771
19.6,RSU_A4,1200.0,10.0,vehicle,veh_12,1198.4,108.05294215203192,98.06599545545703,8.478244033554567
19.6,RSU_A4,1200.0,10.0,vehicle,veh_15,1198.4,92.3024878300393,82.31803874615676,8.508352569086492
19.6,RSU_A4,1200.0,10.0,vehicle,veh_16,1198.4,76.98871675090228,67.00782172203941,8.303724086482022
19.6,RSU_A4,1200.0,10.0,vehicle,veh_32,1198.4,8.2764084398726,2.351758462542893,9.147464965672233
19.8,RSU_A2,600.0,10.0,vehicle,veh_29,598.4,29.10406401445419,19.170948382079683,9.553169999722392
19.8,RSU_A2,600.0,10.0,vehicle,veh_30,598.4,13.480030480543238,3.8302235111687772,7.662005243096072
19.8,RSU_A4,1200.0,10.0,vehicle,veh_12,1198.4,109.7309805674138,99.74381426904561,8.390192076909354
19.8,RSU_A4,1200.0,10.0,vehicle,veh_15,1198.4,93.98741268841131,84.00265168489334,8.42462429186007
19.8,RSU_A4,1200.0,10.0,vehicle,veh_16,1198.4,78.66289758472553,68.6815368547509,8.370904169116187
19.8,RSU_A4,1200.0,10.0,vehicle,veh_32,1198.4,10.133709023770132,1.6055771868824216,9.286502919487656
20.0,RSU_A2,600.0,10.0,vehicle,veh_29,598.4,31.016864388187976,21.077679870220155,9.564001868668944
20.0,RSU_A2,600.0,10.0,vehicle,veh_30,598.4,15.048681903088466,5.296148502314965,7.843257112726141
20.0,RSU_A2,600.0,10.0,vehicle,veh_33,598.4,2.3000000000000003,7.864477096412708,7.916265966426971
20.0,RSU_A4,1200.0,10.0,vehicle,veh_12,1198.4,111.43280535501769,101.44542376169024,8.509123938019387
20.0,RSU_A4,1200.0,10.0,vehicle,veh_15,1198.4,95.66246608162295,85.67740714555502,8.375266966058174
20.0,RSU_A4,1200.0,10.0,vehicle,veh_16,1198.4,80.31548411448891,70.33368543063091,8.262932648816928
20.0,RSU_A4,1200.0,10.0,vehicle,veh_32,1198.4,11.979432889120282,2.545221908307953,9.22861932675075
20.2,RSU_A2,600.0,10.0,vehicle,veh_29,598.4,32.92882697240114,22.984584101747632,9.559812921065838
20.2,RSU_A2,600.0,10.0,vehicle,veh_30,598.4,16.658583788361316,6.848119308732012,8.049509426364247
20.2,RSU_A2,600.0,10.0,vehicle,veh_33,598.4,3.8608026829250934,6.344268570763678,7.804013414625468
20.2,RSU_A4,1200.0,10.0,vehicle,veh_12,1198.4,113.13579084352764,103.14820091945317,8.514927442549727
20.2,RSU_A4,1200.0,10.0,vehicle,veh_15,1198.4,97.3662163799052,87.38086612377114,8.518751491411273
20.2,RSU_A4,1200.0,10.0,vehicle,veh_16,1198.4,81.96199549675514,71.9797804655933,8.232556911331152
20.2,RSU_A4,1200.0,10.0,vehicle,veh_32,1198.4,13.826434015915732,4.147480835176542,9.235005633977243
20.4,RSU_A2,600.0,10.0,vehicle,veh_29,598.4,34.83722857410386,24.88871075894212,9.5420080085136
20.4,RSU_A2,600.0,10.0,vehicle,veh_30,598.4,18.264376556198417,8.417833442320065,8.028963839185513
20.4,RSU_A2,600.0,10.0,vehicle,veh_33,598.4,5.458798008089896,4.81482248180848,7.989976625824007
20.4,RSU_A4,1200.0,10.0,vehicle,veh_12,1198.4,114.846312645373,104.85852028009599,8.552609009226783
20.4,RSU_A4,1200.0,10.0,vehicle,veh_15,1198.4,99.05664595644028,89.07101767135453,8.452147882675254
20.4,RSU_A4,1200.0,10.0,vehicle,veh_16,1198.4,83.63947721431877,73.65685714445175,8.387408587818205
20.4,RSU_A4,1200.0,10.0,vehicle,veh_32,1198.4,15.681129530526144,5.902137980648701,9.27347757305205
20.6,RSU_A2,600.0,10.0,vehicle,veh_29,598.4,36.741415384702385,26.789238450863017,9.520934052992612
20.6,RSU_A2,600.0,10.0,vehicle,veh_30,598.4,19.909543201219986,10.037880575940587,8.225833225107841
20.6,RSU_A2,600.0,10.0,vehicle,veh_33,598.4,7.036451377753273,3.3678807040066827,7.888266848316885
20.6,RSU_A4,1200.0,10.0,vehicle,veh_12,1198.4,116.53075774427063,106.54277237602031,8.422225494488142
20.6,RSU_A4,1200.0,10.0,vehicle,veh_15,1198.4,100.77013909551756,90.78423955411867,8.567465695386478
20.6,RSU_A4,1200.0,10.0,vehicle,veh_16,1198.4,85.3276127339627,75.3446032586134,8.440677598219613
20.6,RSU_A4,1200.0,10.0,vehicle,veh_32,1198.4,17.54253740975429,7.710374217736947,9.307039396140725
20.8,RSU_A2,600.0,10.0,vehicle,veh_29,598.4,38.64754121234715,28.692187395058056,9.530629138223826
20.8,RSU_A2,600.0,10.0,vehicle,veh_30,598.4,21.594415882994188,11.704293215219275,8.424363408871011
20.8,RSU_A2,600.0,10.0,vehicle,veh_33,598.4,8.618858882524727,2.113658152677703,7.912037523857265
20.8,RSU_A4,1200.0,10.0,vehicle,veh_12,1198.4,118.21426392310343,108.22609166194206,8.417530894163995
20.8,RSU_A4,1200.0,10.0,vehicle,veh_15,1198.4,102.46440207912207,92.47824420829774,8.471314918022488
20.8,RSU_A4,1200.0,10.0,vehicle,veh_16,1198.4,87.02664894460213,77.04326477788292,8.495181053197204
20.8,RSU_A4,1200.0,10.0,vehicle,veh_32,1198.4,19.402409492075634,9.537573289714407,9.29936041160673
20.8,RSU_A4,1200.0,10.0,vehicle,veh_35,1198.4,2.3000000000000003,7.864477096412685,9.550000749253261
21.0,RSU_A2,600.0,10.0,vehicle,veh_29,598.4,40.5515518788524,30.59341958994139,9.520053332526237
21.0,RSU_A2,600.0,10.0,vehicle,veh_30,598.4,23.24652175921041,13.342801007181173,8.260529381081104
21.0,RSU_A2,600.0,10.0,vehicle,veh_33,598.4,10.232535758081163,1.616809475104118,8.06838437778218
21.0,RSU_A4,1200.0,10.0,vehicle,veh_12,1198.4,119.90406168509897,109.91570758941617,8.448988809977656
21.0,RSU_A4,1200.0,10.0,vehicle,veh_15,1198.4,104.15269686740788,94.1662908232346,8.441473941429065
21.0,RSU_A4,1200.0,10.0,vehicle,veh_16,1198.4,88.718587945834,78.73484672104215,8.459695006159382
21.0,RSU_A4,1200.0,10.0,vehicle,veh_32,1198.4,21.252189133170624,11.365375501436052,9.248898205474951
21.0,RSU_A4,1200.0,10.0,vehicle,veh_35,1198.4,4.164710681260482,6.0506695029058735,9.32355340630241
21.2,RSU_A2,600.0,10.0,vehicle,veh_29,598.4,42.46715692741275,32.50655747613466,9.578025242801756
21.2,RSU_A2,600.0,10.0,vehicle,veh_30,598.4,24.926564581183523,15.012072814779527,8.400214109865592
21.2,RSU_A2,600.0,10.0,vehicle,veh_33,598.4,11.854617448597127,2.449409292184748,8.11040845257982
21.2,RSU_A4,1200.0,10.0,vehicle,veh_12,1198.4,121.60322444387421,111.61469305727522,8.495813793876207
21.2,RSU_A4,1200.0,10.0,vehicle,veh_15,1198.4,105.85570219880397,95.86905467368389,8.515026656980345
21.2,RSU_A4,1200.0,10.0,vehicle,veh_16,1198.4,90.38173161890325,80.39765405814643,8.315718365346239
21.2,RSU_A4,1200.0,10.0,vehicle,veh_32,1198.4,23.085341947716664,13.182798408861187,9.165764072730207
21.2,RSU_A4,1200.0,10.0,vehicle,veh_35,1198.4,6.032383841331507,4.2780811098583715,9.338365800355124
21.4,RSU_A2,600.0,10.0,vehicle,veh_29,598.4,44.3728642824024,34.410082809787816,9.52853677494824
21.4,RSU_A2,600.0,10.0,vehicle,veh_30,598.4,26.62686017986985,16.70366664660612,8.501477993431628
21.4,RSU_A2,600.0,10.0,vehicle,veh_33,598.4,13.485386592172688,3.835090572189556,8.153845717877811
21.4,RSU_A4,1200.0,10.0,vehicle,veh_12,1198.4,123.30653167174577,113.31782789782166,8.516536139357834
21.4,RSU_A4,1200.0,10.0,vehicle,veh_15,1198.4,107.55519524723928,97.56831514240152,8.497465242176638
21.4,RSU_A4,1200.0,10.0,vehicle,veh_16,1198.4,92.08015076012121,82.09574379225897,8.49209570608986
21.4,RSU_A4,1200.0,10.0,vehicle,veh_32,1198.4,24.91712687922586,15.002688903357372,9.158924657545985
21.4,RSU_A4,1200.0,10.0,vehicle,veh_35,1198.4,7.877347176738996,2.6581299832960803,9.224816677037447
21.6,RSU_A2,600.0,10.0,vehicle,veh_29,598.4,46.28710138273985,36.3223584966786,9.571185501687228
21.6,RSU_A2,600.0,10.0,vehicle,veh_30,598.4,28.337664474843557,18.407333820842698,8.554021474868522
21.6,RSU_A2,600.0,10.0,vehicle,veh_33,598.4,15.144371163161706,5.387444168097689,8.294922854945078
21.6,RSU_A4,1200.0,10.0,vehicle,veh_12,1198.4,125.01268936271525,115.02381803106883,8.530788454847409
21.6,RSU_A4,1200.0,10.0,vehicle,veh_15,1198.4,109.26165132760957,99.27454570172524,8.53228040185145
21.6,RSU_A4,1200.0,10.0,vehicle,veh_16,1198.4,93.74715391131815,83.76243661836737,8.335015755984703
21.6,RSU_A4,1200.0,10.0,vehicle,veh_32,1198.4,26.76133594205678,16.837528992179468,9.221045314154589
21.6,RSU_A4,1200.0,10.0,vehicle,veh_35,1198.4,9.720663208160579,1.6242010476769337,9.216580157107915
21.8,RSU_A2,600.0,10.0,vehicle,veh_29,598.4,48.19335012294428,38.226849119614975,9.531243701022118
21.8,RSU_A2,600.0,10.0,vehicle,veh_30,598.4,30.06830421193169,20.131985345281652,8.653198685440668
21.8,RSU_A2,600.0,10.0,vehicle,veh_33,598.4,16.830603257733276,7.015492916720572,8.431160472857849
21.8,RSU_A2,600.0,10.0,vehicle,veh_36,598.4,1.9,8.25651258098721,6.0
21.8,RSU_A4,1200.0,10.0,vehicle,veh_12,1198.4,126.69355638326188,116.70452476820904,8.404335102733224
21.8,RSU_A4,1200.0,10.0,vehicle,veh_15,1198.4,110.95873098921369,100.97140864102282,8.48539830802071
21.8,RSU_A4,1200.0,10.0,vehicle,veh_16,1198.4,95.42719269854771,85.44217490417014,8.400193936147787
21.8,RSU_A4,1200.0,10.0,vehicle,veh_32,1198.4,28.593580272510838,18.662294268130697,9.161221652270296
21.8,RSU_A4,1200.0,10.0,vehicle,veh_35,1198.4,11.546882074132135,2.225498629806598,9.131094329857783
22.0,RSU_A2,600.0,10.0,vehicle,veh_29,598.4,50.10573417558298,40.13763712231358,9.561920263193548
22.0,RSU_A2,600.0,10.0,vehicle,veh_30,598.4,31.849223628603262,21.907728617378734,8.90459708335786
22.0,RSU_A2,600.0,10.0,vehicle,veh_33,598.4,18.551313683183587,8.699710668074134,8.60355212725155
22.0,RSU_A2,600.0,10.0,vehicle,veh_36,598.4,3.081201427988708,7.101392376151706,5.90600713994354
22.0,RSU_A4,1200.0,10.0,vehicle,veh_12,1198.4,128.40648302746627,118.41729275293223,8.564633221021852
22.0,RSU_A4,1200.0,10.0,vehicle,veh_15,1198.4,112.63049197209612,102.64296314134002,8.358804914412044
22.0,RSU_A4,1200.0,10.0,vehicle,veh_16,1198.4,97.11656463085151,87.13125634972405,8.446859661518996
22.0,RSU_A4,1200.0,10.0,vehicle,veh_32,1198.4,30.443439670029658,20.50595585536412,9.249296987594105
22.0,RSU_A4,1200.0,10.0,vehicle,veh_35,1198.4,13.422886841456332,3.77837985509856,9.380023836620985
22.2,RSU_A2,600.0,10.0,vehicle,veh_29,598.4,52.018853176793456,42.04930465885168,9.565595006052405
22.2,RSU_A2,600.0,10.0,vehicle,veh_30,598.4,33.62920841698301,23.683316710571198,8.899923941898754
22.2,RSU_A2,600.0,10.0,vehicle,veh_33,598.4,20.24293190830686,10.36714300461853,8.45809112561637
22.2,RSU_A2,600.0,10.0,vehicle,veh_36,598.4,4.263981112948619,5.954990568641586,5.913898424799554
22.2,RSU_A4,1200.0,10.0,vehicle,veh_12,1198.4,130.1118014735243,120.12245773882299,8.526592230290174
22.2,RSU_A4,1200.0,10.0,vehicle,veh_15,1198.4,114.3358659226705,104.3481332743115,8.52686975287191
22.2,RSU_A4,1200.0,10.0,vehicle,veh_16,1198.4,98.78039901339994,88.79481543974572,8.31917191274217
22.2,RSU_A4,1200.0,10.0,vehicle,veh_32,1198.4,32.28219500586204,22.339566116629552,9.193776679161937
22.2,RSU_A4,1200.0,10.0,vehicle,veh_35,1198.4,15.301320448323898,5.537508329187126,9.392168034337834
22.4,RSU_A2,600.0,10.0,vehicle,veh_29,598.4,53.92354638323114,43.95267826742595,9.523466032188386
22.4,RSU_A2,600.0,10.0,vehicle,veh_30,598.4,35.37139621515802,25.421796669522294,8.710938990875064
22.4,RSU_A2,600.0,10.0,vehicle,veh_33,598.4,21.988549980767306,12.09484727647918,8.728090362302227
22.4,RSU_A2,600.0,10.0,vehicle,veh_36,598.4,5.453813383347355,4.819524121055076,5.94916135199368
22.4,RSU_A4,1200.0,10.0,vehicle,veh_12,1198.4,131.80053899853777,121.81104752991135,8.443687625067307
22.4,RSU_A4,1200.0,10.0,vehicle,veh_15,1198.4,116.03121853055146,106.04328975976537,8.476763039404824
22.4,RSU_A4,1200.0,10.0,vehicle,veh_16,1198.4,100.46954118488186,90.48368848694794,8.44571085740967
22.4,RSU_A4,1200.0,10.0,vehicle,veh_32,1198.4,34.13064556309618,24.183631970648516,9.242252786170692
22.4,RSU_A4,1200.0,10.0,vehicle,veh_35,1198.4,17.132778809715845,7.310029654408462,9.157291806959723
22.6,RSU_A2,600.0,10.0,vehicle,veh_29,598.4,55.836522463310516,45.86443929156411,9.564880400396884
22.6,RSU_A2,600.0,10.0,vehicle,veh_30,598.4,37.17151995458949,27.218587337381326,9.000618697157345
22.6,RSU_A2,600.0,10.0,vehicle,veh_33,598.4,23.702329071845604,13.795427575582616,8.568895455391468
22.6,RSU_A2,600.0,10.0,vehicle,veh_36,598.4,6.640882477893495,3.720708336771779,5.935345472730696
22.6,RSU_A4,1200.0,10.0,vehicle,veh_12,1198.4,133.51161263032097,123.52197559358602,8.55536815891601
22.6,RSU_A4,1200.0,10.0,vehicle,veh_15,1198.4,117.71535976144501,107.72724227667544,8.42070615446782
22.6,RSU_A4,1200.0,10.0,vehicle,veh_16,1198.4,102.13472591327537,92.14861756485757,8.325923641967496
22.6,RSU_A4,1200.0,10.0,vehicle,veh_32,1198.4,35.976481938975674,26.025710632486657,9.229181879397482
22.6,RSU_A4,1200.0,10.0,vehicle,veh_35,1198.4,19.01946138364748,9.160277487669674,9.433412869658191
22.8,RSU_A2,600.0,10.0,vehicle,veh_29,598.4,57.741147107084096,47.7679508363112,9.523123218867928
22.8,RSU_A2,600.0,10.0,vehicle,veh_30,598.4,38.93248070990018,28.97668787195573,8.80480377655345
22.8,RSU_A2,600.0,10.0,vehicle,veh_33,598.4,25.46954652425766,15.55206962645719,8.836087262060289
22.8,RSU_A2,600.0,10.0,vehicle,veh_36,598.4,7.825496800499967,2.6997155710622467,5.923071613032371
22.8,RSU_A4,1200.0,10.0,vehicle,veh_12,1198.4,135.2057308169142,125.21595357380616,8.470590932966209
22.8,RSU_A4,1200.0,10.0,vehicle,veh_15,1198.4,119.43794075708809,109.44963625865516,8.612904978215326
22.8,RSU_A4,1200.0,10.0,vehicle,veh_16,1198.4,103.80883763711671,93.822481414781,8.370558619206687
22.8,RSU_A4,1200.0,10.0,vehicle,veh_32,1198.4,37.81266736962478,27.858651550521802,9.180927153245547
22.8,RSU_A4,1200.0,10.0,vehicle,veh_35,1198.4,20.895899601417206,11.012748436433265,9.382191088848625
23.0,RSU_A2,600.0,10.0,vehicle,veh_29,598.4,59.64639054783956,49.67216619424417,9.526217203777284
23.0,RSU_A2,600.0,10.0,vehicle,veh_30,598.4,40.72236137004157,30.76399662188615,8.949403300706928
23.0,RSU_A2,600.0,10.0,vehicle,veh_33,598.4,27.187561573220158,17.261873387127896,8.5900752448125
23.0,RSU_A2,600.0,10.0,vehicle,veh_36,598.4,9.021625236548482,1.875424532674905,5.980642180242576
23.0,RSU_A4,1200.0,10.0,vehicle,veh_12,1198.4,136.90411794616253,126.91420390048361,8.49193564624153
23.0,RSU_A4,1200.0,10.0,vehicle,veh_15,1198.4,121.13557846984477,111.14709533688689,8.48818856378345
23.0,RSU_A4,1200.0,10.0,vehicle,veh_16,1198.4,105.50423185241114,95.51763345958223,8.476971076472134
23.0,RSU_A4,1200.0,10.0,vehicle,veh_32,1198.4,39.67179748182054,29.714904775249938,9.295650560978801
23.0,RSU_A4,1200.0,10.0,vehicle,veh_35,1198.4,22.761326106845537,12.861238043254513,9.32713252714166
23.2,RSU_A2,600.0,10.0,vehicle,veh_29,598.4,61.55256170756221,51.57738475933042,9.530855798613281
23.2,RSU_A2,600.0,10.0,vehicle,veh_30,598.4,42.488836479617746,32.528210768490496,8.832375547880899
23.2,RSU_A2,600.0,10.0,vehicle,veh_33,598.4,28.944485937496722,19.011931712375024,8.784621821382823
23.2,RSU_A2,600.0,10.0,vehicle,veh_36,598.4,10.186070205259135,1.6107830770421103,5.8222248435532675
23.2,RSU_A4,1200.0,10.0,vehicle,veh_12,1198.4,138.60261963839167,128.61257239421363,8.492508461145682
23.2,RSU_A4,1200.0,10.0,vehicle,veh_15,1198.4,122.81470484858123,112.82605031672648,8.39563189368235
23.2,RSU_A4,1200.0,10.0,vehicle,veh_16,1198.4,107.18174542340495,97.19491572885636,8.38756785496903
23.2,RSU_A4,1200.0,10.0,vehicle,veh_32,1198.4,41.50932437276374,31.549921116035186,9.187634454715997
23.2,RSU_A4,1200.0,10.0,vehicle,veh_35,1198.4,24.593091948261844,14.68054265381305,9.158829207081537
23.4,RSU_A2,600.0,10.0,vehicle,veh_29,598.4,63.45460552178622,53.478545712180484,9.510219071120025
23.4,RSU_A2,600.0,10.0,vehicle,veh_30,598.4,44.31052202242803,34.34780810257794,9.10842771405142
23.4,RSU_A2,600.0,10.0,vehicle,veh_33,598.4,30.65556853768124,20.717444620774234,8.555413000922595
23.4,RSU_A2,600.0,10.0,vehicle,veh_36,598.4,11.38157966329809,2.1139447405357923,5.97754729019478
23.4,RSU_A4,1200.0,10.0,vehicle,veh_12,1198.4,140.28412685775578,130.29395116845524,8.407536096820607
23.4,RSU_A4,1200.0,10.0,vehicle,veh_15,1198.4,124.51308619305847,114.52426340937032,8.491906722386128
23.4,RSU_A4,1200.0,10.0,vehicle,veh_16,1198.4,108.8598056171487,98.87275239751558,8.390300968718751
23.4,RSU_A4,1200.0,10.0,vehicle,veh_32,1198.4,43.362998643290624,33.40134246511975,9.268371352634393
23.4,RSU_A4,1200.0,10.0,vehicle,veh_35,1198.4,26.438860206065534,16.516540947624737,9.22884128901846
23.6,RSU_A2,600.0,10.0,vehicle,veh_29,598.4,65.36820380498096,55.39131694218787,9.567991415973752
23.6,RSU_A2,600.0,10.0,vehicle,veh_30,598.4,46.09827349334575,36.13371485469476,8.938757354588587
23.6,RSU_A2,600.0,10.0,vehicle,veh_33,598.4,32.37697752967631,22.4341062528383,8.607044959975351
23.6,RSU_A2,600.0,10.0,vehicle,veh_36,598.4,12.573080081148072,3.029973779424674,5.9575020892499015
23.6,RSU_A4,1200.0,10.0,vehicle,veh_12,1198.4,141.99629845673616,132.00599534218046,8.560857994901946
23.6,RSU_A4,1200.0,10.0,vehicle,veh_15,1198.4,126.19194162268896,116.20295735501037,8.394277148152423
23.6,RSU_A4,1200.0,10.0,vehicle,veh_16,1198.4,110.5576943630401,100.57042256851955,8.489443729457056
23.6,RSU_A4,1200.0,10.0,vehicle,veh_32,1198.4,45.2132741654383,35.249605351696125,9.25137761073839
23.6,RSU_A4,1200.0,10.0,vehicle,veh_35,1198.4,28.31497215863382,18.384727497886168,9.380559762841433
23.8,RSU_A2,600.0,10.0,vehicle,veh_29,598.4,67.27324509725794,57.29558974275927,9.525206461384892
23.8,RSU_A2,600.0,10.0,vehicle,veh_30,598.4,47.909040814753595,37.94279082374745,9.053836607039232
23.8,RSU_A2,600.0,10.0,vehicle,veh_33,598.4,34.139589582941575,24.192556401357454,8.813060266326318
23.8,RSU_A2,600.0,10.0,vehicle,veh_36,598.4,13.74011333097331,4.06797833432337,5.835166249126196
23.8,RSU_A4,1200.0,10.0,vehicle,veh_12,1198.4,143.7003109298772,133.70988423727633,8.520062365705147
23.8,RSU_A4,1200.0,10.0,vehicle,veh_15,1198.4,127.89826602481268,117.90912234283445,8.531622010618571
23.8,RSU_A4,1200.0,10.0,vehicle,veh_16,1198.4,112.21552976058045,102.22805155257586,8.289176987701731
23.8,RSU_A4,1200.0,10.0,vehicle,veh_32,1198.4,47.04408922342788,37.078626544052106,9.154075289947913
23.8,RSU_A4,1200.0,10.0,vehicle,veh_35,1198.4,30.195365369206275,20.25864710181151,9.401966052862264
24.0,RSU_A2,600.0,10.0,vehicle,veh_29,598.4,69.17835116940141,59.19997674939572,9.525530360717326
24.0,RSU_A2,600.0,10.0,vehicle,veh_30,598.4,49.706278833373055,39.73850247296152,8.986190093097285
24.0,RSU_A2,600.0,10.0,vehicle,veh_33,598.4,35.924048679001096,25.97337675219028,8.922295480297613
24.0,RSU_A2,600.0,10.0,vehicle,veh_36,598.4,14.92337608066201,5.1768361024505,5.916313748443499
24.0,RSU_A4,1200.0,10.0,vehicle,veh_12,1198.4,145.39072864970998,135.40018243820575,8.452088599164037
24.0,RSU_A4,1200.0,10.0,vehicle,veh_15,1198.4,129.59839056350108,119.60909256983662,8.500622693442073
24.0,RSU_A4,1200.0,10.0,vehicle,veh_16,1198.4,113.92529459478533,103.93761040457355,8.548824171024428
24.0,RSU_A4,1200.0,10.0,vehicle,veh_32,1198.4,48.888405003510044,38.92130578124306,9.221578900410794
24.0,RSU_A4,1200.0,10.0,vehicle,veh_35,1198.4,32.05191190192105,22.109880563451423,9.282732663573876
24.2,RSU_A2,600.0,10.0,vehicle,veh_29,598.4,71.0950709455222,61.116018308119436,9.58359888060391
24.2,RSU_A2,600.0,10.0,vehicle,veh_30,598.4,51.538798862931145,41.56960200645479,9.162600147790457
24.2,RSU_A2,600.0,10.0,vehicle,veh_33,598.4,37.68410135141077,27.73029872964198,8.800263362048359
24.2,RSU_A2,600.0,10.0,vehicle,veh_36,598.4,16.099488802001808,6.305851540097144,5.880563606698997
24.2,RSU_A4,1200.0,10.0,vehicle,veh_12,1198.4,147.0829035507849,137.0922406480899,8.46087450537458
24.2,RSU_A4,1200.0,10.0,vehicle,veh_15,1198.4,131.27260949886394,121.28316377248717,8.371094676814339
24.2,RSU_A4,1200.0,10.0,vehicle,veh_16,1198.4,115.62440434811842,105.63652206455312,8.495548766665477
24.2,RSU_A4,1200.0,10.0,vehicle,veh_32,1198.4,50.746792075823066,40.778193491992226,9.291935361565091
24.2,RSU_A4,1200.0,10.0,vehicle,veh_35,1198.4,33.93218722795877,23.98561205210475,9.4013766301886
24.4,RSU_A2,600.0,10.0,vehicle,veh_29,598.4,73.0048728944689,63.025185509034266,9.549009744733572
24.4,RSU_A2,600.0,10.0,vehicle,veh_30,598.4,53.380734803172025,43.41023096072101,9.209679701204408
24.4,RSU_A2,600.0,10.0,vehicle,veh_33,598.4,39.470037918631185,29.513439903297616,8.929682836102083
24.4,RSU_A2,600.0,10.0,vehicle,veh_36,598.4,17.294966418112626,7.468368967946819,5.977388080554083
24.4,RSU_A4,1200.0,10.0,vehicle,veh_12,1198.4,148.76358313917746,138.77280715480038,8.403397941962815
24.4,RSU_A4,1200.0,10.0,vehicle,veh_15,1198.4,132.9576582468881,122.96806789389889,8.425243740120695
24.4,RSU_A4,1200.0,10.0,vehicle,veh_16,1198.4,117.29657034208067,107.30849923083011,8.360829969811183
24.4,RSU_A4,1200.0,10.0,vehicle,veh_32,1198.4,52.60428639970105,42.63431973924003,9.287471619389953
24.4,RSU_A4,1200.0,10.0,vehicle,veh_35,1198.4,35.78829481147263,25.83788205878001,9.280537917569294
24.6,RSU_A2,600.0,10.0,vehicle,veh_29,598.4,74.90701011425257,64.92672763948362,9.510686098918319
24.6,RSU_A2,600.0,10.0,vehicle,veh_30,598.4,55.19261452426862,45.22092886639034,9.05939860548294
24.6,RSU_A2,600.0,10.0,vehicle,veh_33,598.4,41.3013099306466,31.34217611102324,9.156360060077098
24.6,RSU_A2,600.0,10.0,vehicle,veh_36,598.4,18.473522163174113,8.623257960295689,5.892778725307434
24.6,RSU_A2,600.0,10.0,vehicle,veh_41,598.4,4.6,5.632051136131496,7.0936012089773435
24.6,RSU_A4,1200.0,10.0,vehicle,veh_12,1198.4,150.45693185020355,140.4660446683565,8.466743555130437
24.6,RSU_A4,1200.0,10.0,vehicle,veh_15,1198.4,134.6348585021653,124.64512807909807,8.386001276386017
24.6,RSU_A4,1200.0,10.0,vehicle,veh_16,1198.4,118.97695207590777,108.98869704586205,8.40190866913554
24.6,RSU_A4,1200.0,10.0,vehicle,veh_32,1198.4,54.45756880821642,44.486350989233735,9.266412042576821
24.6,RSU_A4,1200.0,10.0,vehicle,veh_35,1198.4,37.60926578402596,27.655588171886457,9.104854862766645
24.8,RSU_A2,600.0,10.0,vehicle,veh_29,598.4,76.81743624635115,66.83659017735121,9.552130660492928
24.8,RSU_A2,600.0,10.0,vehicle,veh_30,598.4,57.072567339054594,47.099751548069015,9.399764073929903
24.8,RSU_A2,600.0,10.0,vehicle,veh_33,598.4,43.10948620375755,33.14812327533508,9.04088136555474
24.8,RSU_A2,600.0,10.0,vehicle,veh_36,598.4,19.639395555488765,9.771281731440181,5.829366961573251
24.8,RSU_A2,600.0,10.0,vehicle,veh_41,598.4,5.993892378055665,4.313803226689943,6.9694618902783265
24.8,RSU_A4,1200.0,10.0,vehicle,veh_12,1198.4,152.16097284063272,142.16997643312428,8.520204952145926
24.8,RSU_A4,1200.0,10.0,vehicle,veh_15,1198.4,136.32872813642376,126.33886002559333,8.46934817129236
24.8,RSU_A4,1200.0,10.0,vehicle,veh_16,1198.4,120.6331139037047,110.64468307166909,8.280809138984614
24.8,RSU_A4,1200.0,10.0,vehicle,veh_32,1198.4,56.30559743830674,46.333231639057075,9.240143150451594
24.8,RSU_A4,1200.0,10.0,vehicle,veh_35,1198.4,39.475825340771266,29.51921881621621,9.332797783726534
25.0,RSU_A2,600.0,10.0,vehicle,veh_29,598.4,78.72489366572499,68.74351612599698,9.537287096869202
25.0,RSU_A2,600.0,10.0,vehicle,veh_30,598.4,58.95459269989883,48.980732399720075,9.410126804221155
25.0,RSU_A2,600.0,10.0,vehicle,veh_33,598.4,44.97736497985932,35.01394095120241,9.33939388050884
25.0,RSU_A2,600.0,10.0,vehicle,veh_36,598.4,20.828907156006434,10.946471129702367,5.947558002588339
25.0,RSU_A2,600.0,10.0,vehicle,veh_41,598.4,7.367755487412843,3.0803751677426034,6.869315546785893
25.0,RSU_A4,1200.0,10.0,vehicle,veh_12,1198.4,153.84718922593132,143.85608728239794,8.431081926492974
25.0,RSU_A4,1200.0,10.0,vehicle,veh_15,1198.4,138.0177088335683,128.02770705982462,8.44490348572266
25.0,RSU_A4,1200.0,10.0,vehicle,veh_16,1198.4,122.32326455720676,112.33465965937788,8.450753267510303
25.0,RSU_A4,1200.0,10.0,vehicle,veh_32,1198.4,58.14983403858972,48.17641038873416,9.221183001414873
25.0,RSU_A4,1200.0,10.0,vehicle,veh_35,1198.4,41.299935868604926,31.340803840660836,9.120552639168295
25.2,RSU_A2,600.0,10.0,vehicle,veh_29,598.4,80.62790464921892,70.64602547305233,9.515054917469621
25.2,RSU_A2,600.0,10.0,vehicle,veh_30,598.4,60.81925967735536,50.84444073991253,9.323334887282677
25.2,RSU_A2,600.0,10.0,vehicle,veh_33,598.4,46.79183596204495,36.82660985561967,9.07235491092816
25.2,RSU_A2,600.0,10.0,vehicle,veh_36,598.4,22.007131034774705,12.113265277630552,5.891119393841364
25.2,RSU_A2,600.0,10.0,vehicle,veh_41,598.4,8.741480395303814,2.0356501652800554,6.868624539454854
25.2,RSU_A4,1200.0,10.0,vehicle,veh_12,1198.4,155.52828212068866,145.5370773961012,8.405464473786763
25.2,RSU_A4,1200.0,10.0,vehicle,veh_15,1198.4,139.70100982472835,129.71087830075888,8.416504955800278
25.2,RSU_A4,1200.0,10.0,vehicle,veh_16,1198.4,124.01611025403732,114.02733618506043,8.46422848415278
25.2,RSU_A4,1200.0,10.0,vehicle,veh_32,1198.4,59.989782878258275,50.01538155623132,9.199744198342787
25.2,RSU_A4,1200.0,10.0,vehicle,veh_35,1198.4,43.1685586102871,33.20712695016012,9.343113708410858
25.4,RSU_A2,600.0,10.0,vehicle,veh_29,598.4,82.53905771403686,72.55670123455428,9.555765324089677
25.4,RSU_A2,600.0,10.0,vehicle,veh_30,598.4,62.664229633314605,52.688528949577744,9.224849779796205
25.4,RSU_A2,600.0,10.0,vehicle,veh_33,598.4,48.64818597966034,38.68129107874263,9.281750088076944
25.4,RSU_A2,600.0,10.0,vehicle,veh_36,598.4,23.18297929380089,13.279719238778473,5.879241295130924
25.4,RSU_A2,600.0,10.0,vehicle,veh_41,598.4,10.105755541784536,1.6034912642787342,6.82137573240361
25.4,RSU_A4,1200.0,10.0,vehicle,veh_12,1198.4,157.23011063300075,147.23880425012163,8.509142561560497
25.4,RSU_A4,1200.0,10.0,vehicle,veh_15,1198.4,141.39172793663062,131.40146943688856,8.453590559511369
25.4,RSU_A4,1200.0,10.0,vehicle,veh_16,1198.4,125.69089858048198,115.70196201603224,8.373941632223337
25.4,RSU_A4,1200.0,10.0,vehicle,veh_32,1198.4,61.836415670541506,51.86110285723936,9.23316396141611
25.4,RSU_A4,1200.0,10.0,vehicle,veh_35,1198.4,45.03804268367438,35.07455537997577,9.347420366936374
25.6,RSU_A2,600.0,10.0,vehicle,veh_29,598.4,84.45104956674577,74.46824008656331,9.55995926354453
25.6,RSU_A2,600.0,10.0,vehicle,veh_30,598.4,64.49075117362894,54.51423633755079,9.132607701571658
25.6,RSU_A2,600.0,10.0,vehicle,veh_33,598.4,50.494440665828975,40.52603761581366,9.231273430843132
25.6,RSU_A2,600.0,10.0,vehicle,veh_36,598.4,24.361037041094153,14.449892210521101,5.890288736466318
25.6,RSU_A2,600.0,10.0,vehicle,veh_41,598.4,11.456931997986601,2.1639433557182826,6.755882281010321
25.6,RSU_A4,1200.0,10.0,vehicle,veh_12,1198.4,158.9419506978292,148.95054440207525,8.55920032414235
25.6,RSU_A4,1200.0,10.0,vehicle,veh_15,1198.4,143.08887413064826,133.0984914165579,8.485730970088271
25.6,RSU_A4,1200.0,10.0,vehicle,veh_16,1198.4,127.37783707806491,117.38874152628415,8.434692487914642
25.6,RSU_A4,1200.0,10.0,vehicle,veh_32,1198.4,63.66605398935621,53.68989989549706,9.14819159407355
25.6,RSU_A4,1200.0,10.0,vehicle,veh_35,1198.4,46.8946819737622,36.92935902429195,9.283196450439116
25.8,RSU_A2,600.0,10.0,vehicle,veh_29,598.4,86.363492810753,76.38025290778975,9.562216220036149
25.8,RSU_A2,600.0,10.0,vehicle,veh_30,598.4,66.37295628603256,56.39565763803928,9.411025562018155
25.8,RSU_A2,600.0,10.0,vehicle,veh_33,598.4,52.27215946286448,42.30242860231364,8.888593985177547
25.8,RSU_A2,600.0,10.0,vehicle,veh_36,598.4,25.537012748374604,15.619179400440826,5.879878536402248
25.8,RSU_A2,600.0,10.0,vehicle,veh_41,598.4,12.800102806938781,3.224992361142351,6.715854044760899
25.8,RSU_A4,1200.0,10.0,vehicle,veh_15,1198.4,144.7998649454611,134.809360169517,8.554954074064202
25.8,RSU_A4,1200.0,10.0,vehicle,veh_16,1198.4,129.05600913814433,119.06675989503496,8.390860300397124
25.8,RSU_A4,1200.0,10.0,vehicle,veh_32,1198.4,65.49781517148875,55.52087435198339,9.158805910662748
25.8,RSU_A4,1200.0,10.0,vehicle,veh_35,1198.4,48.71598877524493,38.74903594729669,9.106534007413682
26.0,RSU_A2,600.0,10.0,vehicle,veh_29,598.4,88.27120985927583,78.28756154610257,9.53858524261415
26.0,RSU_A2,600.0,10.0,vehicle,veh_30,598.4,68.21328635411082,58.23527031057472,9.201650340391323
26.0,RSU_A2,600.0,10.0,vehicle,veh_33,598.4,54.1297893842002,44.158785208538845,9.288149606678605
26.0,RSU_A2,600.0,10.0,vehicle,veh_36,598.4,26.705356980988757,16.781804189724948,5.841721163070761
26.0,RSU_A2,600.0,10.0,vehicle,veh_41,598.4,14.126085790718642,4.425447316641602,6.629914918899313
26.0,RSU_A4,1200.0,10.0,vehicle,veh_15,1198.4,146.493794531363,136.50317192494077,8.469647929509396
26.0,RSU_A4,1200.0,10.0,vehicle,veh_16,1198.4,130.7504184014295,120.76101831352815,8.472046316425782
26.0,RSU_A4,1200.0,10.0,vehicle,veh_32,1198.4,67.35301081189849,57.37532439289336,9.27597820204869
26.0,RSU_A4,1200.0,10.0,vehicle,veh_35,1198.4,50.54800636420445,40.579561605709394,9.160087944797587
26.2,RSU_A2,600.0,10.0,vehicle,veh_29,598.4,90.17892122775913,80.19488393437081,9.538556842416526
26.2,RSU_A2,600.0,10.0,vehicle,veh_30,598.4,70.07241893268903,60.09372277055646,9.295662892891094
26.2,RSU_A2,600.0,10.0,vehicle,veh_33,598.4,55.958472897576755,45.98631569366366,9.143417566882766
26.2,RSU_A2,600.0,10.0,vehicle,veh_36,598.4,27.878983936323785,17.950433604660475,5.868134776675142
26.2,RSU_A2,600.0,10.0,vehicle,veh_41,598.4,15.457479454312345,5.687185771033108,6.656968317968504
26.2,RSU_A4,1200.0,10.0,vehicle,veh_15,1198.4,148.17542879207627,138.18469206780517,8.408171303566462
26.2,RSU_A4,1200.0,10.0,vehicle,veh_16,1198.4,132.4255783829471,122.43603326798497,8.375799907587991
26.2,RSU_A4,1200.0,10.0,vehicle,veh_32,1198.4,69.2111659055194,59.23277950502527,9.290775468104519
26.2,RSU_A4,1200.0,10.0,vehicle,veh_35,1198.4,52.422255474260396,42.4524175933882,9.371245550279712
26.4,RSU_A2,600.0,10.0,vehicle,veh_29,598.4,92.09400106156916,82.10959146346374,9.575399169050158
26.4,RSU_A2,600.0,10.0,vehicle,veh_30,598.4,71.915289479008,61.93595943609301,9.214352731594815
26.4,RSU_A2,600.0,10.0,vehicle,veh_33,598.4,57.758079308997694,47.784873540530725,8.998032057104696
26.4,RSU_A2,600.0,10.0,vehicle,veh_36,598.4,29.052611497812904,19.119675857257427,5.868137807445601
26.4,RSU_A2,600.0,10.0,vehicle,veh_41,598.4,16.770693671498794,6.957175633349634,6.56607108593224
26.4,RSU_A4,1200.0,10.0,vehicle,veh_15,1198.4,149.86938906362698,139.8785401590689,8.469801357753544
26.4,RSU_A4,1200.0,10.0,vehicle,veh_16,1198.4,134.10886763348736,124.11918073072545,8.41644625270128
26.4,RSU_A4,1200.0,10.0,vehicle,veh_32,1198.4,71.05145011230876,61.07241243651445,9.201421033946797
26.4,RSU_A4,1200.0,10.0,vehicle,veh_35,1198.4,54.29240289989646,44.32129233953762,9.350737128180356
26.6,RSU_A2,600.0,10.0,vehicle,veh_29,598.4,94.0000811297782,84.0153178284134,9.530400341045112
26.6,RSU_A2,600.0,10.0,vehicle,veh_30,598.4,73.81062620809158,63.830682411116236,9.476683645417914
26.6,RSU_A2,600.0,10.0,vehicle,veh_33,598.4,59.5727376081145,49.598551530896245,9.07329149558401
26.6,RSU_A2,600.0,10.0,vehicle,veh_36,598.4,30.25178876868728,20.314894740842945,5.995886354371906
26.6,RSU_A2,600.0,10.0,vehicle,veh_41,598.4,18.082153414741235,8.239005026058273,6.557298716212197
26.6,RSU_A4,1200.0,10.0,vehicle,veh_15,1198.4,151.5510812320802,141.56012361527158,8.408460842266164
26.6,RSU_A4,1200.0,10.0,vehicle,veh_16,1198.4,135.80794420159475,125.81811802849214,8.495382840537005
26.6,RSU_A4,1200.0,10.0,vehicle,veh_32,1198.4,72.90644840337319,62.92679278913119,9.274991455322132
26.6,RSU_A4,1200.0,10.0,vehicle,veh_35,1198.4,56.118441138913475,46.146187416550745,9.130191195085091
26.8,RSU_A2,600.0,10.0,vehicle,veh_29,598.4,95.91522011669053,85.93011723312954,9.575694934561849
26.8,RSU_A2,600.0,10.0,vehicle,veh_30,598.4,75.6510361813054,65.6705303136732,9.202049866069109
26.8,RSU_A2,600.0,10.0,vehicle,veh_33,598.4,61.459733993432174,51.48460180165327,9.434981926588401
26.8,RSU_A2,600.0,10.0,vehicle,veh_36,598.4,31.43691658665612,21.496543739477108,5.925639089844189
26.8,RSU_A2,600.0,10.0,vehicle,veh_41,598.4,19.37007571751777,9.505699287901772,6.439611513882678
26.8,RSU_A4,1200.0,10.0,vehicle,veh_15,1198.4,153.23572083262607,143.24465687222678,8.423198002729274
26.8,RSU_A4,1200.0,10.0,vehicle,veh_16,1198.4,137.47561116789979,127.48565190887003,8.338334831525144
26.8,RSU_A4,1200.0,10.0,vehicle,veh_32,1198.4,74.73562762996202,64.75539733987509,9.145896132944152
26.8,RSU_A4,1200.0,10.0,vehicle,veh_35,1198.4,58.0007523418211,48.027411187579574,9.41155601453811
27.0,RSU_A2,600.0,10.0,vehicle,veh_29,598.4,97.82082994321136,87.83540386378633,9.528049132604153
27.0,RSU_A2,600.0,10.0,vehicle,veh_30,598.4,77.53532637099666,67.5542767560799,9.421450948456302
27.0,RSU_A2,600.0,10.0,vehicle,veh_33,598.4,63.257869655356465,53.281898241588,8.99067830962146
27.0,RSU_A2,600.0,10.0,vehicle,veh_36,598.4,32.60093978577759,22.657503816624295,5.820115995607339
27.0,RSU_A2,600.0,10.0,vehicle,veh_41,598.4,20.6705995277252,10.789888520327231,6.502619051037156
27.0,RSU_A4,1200.0,10.0,vehicle,veh_15,1198.4,154.90574745026657,144.91458050907244,8.350133088202526
27.0,RSU_A4,1200.0,10.0,vehicle,veh_16,1198.4,139.1651538424429,129.17506325580777,8.447713372715592
27.0,RSU_A4,1200.0,10.0,vehicle,veh_32,1198.4,76.59794891160692,66.61716595017387,9.311606408224442
27.0,RSU_A4,1200.0,10.0,vehicle,veh_35,1198.4,59.863263896592514,49.88892749319458,9.312557773857076
27.2,RSU_A2,600.0,10.0,vehicle,veh_29,598.4,99.72931396735311,89.74357795994001,9.542420120708645
27.2,RSU_A2,600.0,10.0,vehicle,veh_30,598.4,79.39493858810854,69.41338128666084,9.298061085559427
27.2,RSU_A2,600.0,10.0,vehicle,veh_33,598.4,65.10000281528266,55.1232284091213,9.210665799630977
27.2,RSU_A2,600.0,10.0,vehicle,veh_36,598.4,33.779155274411664,23.832923143512634,5.891077443170361
27.2,RSU_A2,600.0,10.0,vehicle,veh_41,598.4,21.924878689529855,12.031738517770545,6.27139580902327
27.2,RSU_A4,1200.0,10.0,vehicle,veh_15,1198.4,156.60860881030354,146.61733927913374,8.514306800184771
27.2,RSU_A4,1200.0,10.0,vehicle,veh_16,1198.4,140.82233719413404,130.83212109010427,8.285916758455778
27.2,RSU_A4,1200.0,10.0,vehicle,veh_32,1198.4,78.43282717521957,68.45152909317271,9.174391318063252
27.2,RSU_A4,1200.0,10.0,vehicle,veh_35,1198.4,61.712608142461974,51.73735440564993,9.246721229347296
